glm-5.2	394	121	60
glm-5.2	424	189	115
glm-5.2	470	310	243
glm-5.2	416	325	253
glm-5.2	428	335	246
glm-5.2	422	350	251
glm-5.2	1723	228	120
glm-5.2	1786	236	141
glm-5.2	1803	236	149
glm-5.2	2335	343	282
glm-5.2	1755	407	300
glm-5.2	1799	512	506
glm-5.2	1769	324	225
glm-5.2	2310	381	281
glm-5.2	2209	359	253
glm-5.2	2449	350	280
glm-5.2	2054	312	221
glm-5.2	3072	512	510
glm-5.2	2051	321	235
glm-5.2	2869	337	241
glm-5.2	2620	190	104
glm-5.2	2326	352	276
glm-5.2	2220	249	174
glm-5.2	3852	512	508
glm-5.2	444	254	186
glm-5.2	416	324	236
glm-5.2	4345	512	484
glm-5.2	2484	182	130
glm-5.2	450	258	162
glm-5.2	1777	392	296
glm-5.2	5644	512	437
glm-5.2	5195	448	355
glm-5.2	1860	447	337
glm-5.2	2643	243	192
glm-5.2	1871	512	425
glm-5.2	2594	407	316
glm-5.2	6990	512	506
glm-5.2	5873	385	297
glm-5.2	2303	512	508
glm-5.2	2885	439	369
glm-5.2	6536	165	94
glm-5.2	3284	512	502
glm-5.2	3390	512	443
glm-5.2	424	216	154
glm-5.2	8263	512	489
glm-5.2	4614	512	509
glm-5.2	4162	226	176
glm-5.2	2638	454	360
glm-5.2	3140	512	509
glm-5.2	1803	275	187
glm-5.2	432	232	160
glm-5.2	9557	440	347
glm-5.2	5944	512	438
glm-5.2	2599	268	179
glm-5.2	9864	191	151
glm-5.2	1782	361	261
glm-5.2	7345	352	250
glm-5.2	3329	444	379
glm-5.2	3049	512	509
glm-5.2	3379	220	147
glm-5.2	10115	325	232
glm-5.2	398	111	55
glm-5.2	426	307	222
glm-5.2	8168	512	507
glm-5.2	478	328	245
glm-5.2	2222	471	375
glm-5.2	3368	512	504
glm-5.2	1674	220	124
glm-5.2	2645	267	179
glm-5.2	1866	512	449
glm-5.2	8894	512	462
glm-5.2	2036	512	430
glm-5.2	2084	280	218
glm-5.2	414	244	188
glm-5.2	9669	390	287
glm-5.2	3295	496	374
glm-5.2	3687	512	506
glm-5.2	1689	207	126
glm-5.2	3600	512	509
glm-5.2	2457	433	385
glm-5.2	10478	272	208
glm-5.2	1979	411	350
glm-5.2	3744	380	293
glm-5.2	2815	312	254
glm-5.2	4006	512	510
glm-5.2	5084	512	509
glm-5.2	2233	232	152
glm-5.2	10636	510	431
glm-5.2	4145	262	202
glm-5.2	416	271	177
glm-5.2	4325	512	512
glm-5.2	6568	512	508
glm-5.2	416	273	221
glm-5.2	1771	512	465
glm-5.2	11420	512	506
glm-5.2	4517	512	511
glm-5.2	8052	512	510
glm-5.2	3086	512	505
glm-5.2	4644	512	480
glm-5.2	1679	512	503
glm-5.2	12130	455	354
glm-5.2	4833	512	510
glm-5.2	4358	512	471
glm-5.2	9536	512	509
glm-5.2	2897	512	510
glm-5.2	436	277	216
glm-5.2	4993	512	507
glm-5.2	5666	336	216
glm-5.2	1813	376	271
glm-5.2	5149	512	506
glm-5.2	4115	512	506
glm-5.2	11020	512	509
glm-5.2	5312	512	507
glm-5.2	6082	379	276
glm-5.2	2634	480	400
glm-5.2	5465	512	505
glm-5.2	5333	512	500
glm-5.2	6479	251	177
glm-5.2	3411	232	160
glm-5.2	12504	512	506
glm-5.2	5631	512	509
glm-5.2	400	241	192
glm-5.2	420	225	153
glm-5.2	5781	512	510
glm-5.2	6551	512	509
glm-5.2	13988	512	509
glm-5.2	1674	512	506
glm-5.2	1783	288	188
glm-5.2	6097	90	15
glm-5.2	5950	512	510
glm-5.2	2081	289	208
glm-5.2	2905	512	507
glm-5.2	2359	138	91
glm-5.2	6269	512	511
glm-5.2	15472	512	507
glm-5.2	7769	488	380
glm-5.2	6486	512	508
glm-5.2	4136	512	505
glm-5.2	2605	398	338
glm-5.2	16956	512	509
glm-5.2	6588	512	509
glm-5.2	8087	461	399
glm-5.2	5367	512	507
glm-5.2	6802	512	510
glm-5.2	420	462	396
glm-5.2	6598	512	506
glm-5.2	18440	512	511
glm-5.2	6907	512	505
glm-5.2	8349	512	507
glm-5.2	7118	512	506
glm-5.2	8553	269	204
glm-5.2	1750	381	252
glm-5.2	7829	512	507
glm-5.2	19924	512	473
glm-5.2	7226	512	486
glm-5.2	7434	512	509
glm-5.2	414	243	173
glm-5.2	2106	274	215
glm-5.2	21445	512	510
glm-5.2	9060	512	508
glm-5.2	1712	369	264
glm-5.2	7750	512	510
glm-5.2	2391	512	506
glm-5.2	7570	512	427
glm-5.2	2021	222	158
glm-5.2	22929	512	509
glm-5.2	10291	512	505
glm-5.2	2273	154	102
glm-5.2	7971	370	267
glm-5.2	2621	380	319
glm-5.2	8066	512	503
glm-5.2	11522	512	510
glm-5.2	402	158	94
glm-5.2	24413	512	510
glm-5.2	440	342	256
glm-5.2	1763	346	238
glm-5.2	2905	464	385
glm-5.2	12753	512	503
glm-5.2	8382	512	508
glm-5.2	25897	512	510
glm-5.2	1829	473	347
glm-5.2	2044	293	218
glm-5.2	424	317	249
glm-5.2	13984	512	509
glm-5.2	8698	512	503
glm-5.2	1731	341	246
glm-5.2	27381	512	435
glm-5.2	2291	281	232
glm-5.2	2167	410	333
glm-5.2	15215	512	506
glm-5.2	2058	160	126
glm-5.2	2328	78	43
glm-5.2	9014	512	507
glm-5.2	28939	512	508
glm-5.2	406	320	248
glm-5.2	2451	356	273
glm-5.2	16446	512	510
glm-5.2	2599	330	259
glm-5.2	17677	512	509
glm-5.2	9330	512	508
glm-5.2	1705	512	459
glm-5.2	30423	512	509
glm-5.2	514	340	280
glm-5.2	432	420	321
glm-5.2	18908	512	501
glm-5.2	9646	512	511
glm-5.2	2985	512	507
glm-5.2	1973	512	508
glm-5.2	31907	512	510
glm-5.2	1777	512	491
glm-5.2	20139	512	506
glm-5.2	4217	512	503
glm-5.2	3378	512	508
glm-5.2	3044	512	505
glm-5.2	33391	512	509
glm-5.2	21370	512	505
glm-5.2	9962	512	512
glm-5.2	5449	352	234
glm-5.2	34875	352	249
glm-5.2	4783	512	506
glm-5.2	4302	512	502
glm-5.2	22601	512	509
glm-5.2	6055	333	275
glm-5.2	5560	316	220
glm-5.2	6188	512	504
glm-5.2	10278	512	507
glm-5.2	35241	512	458
glm-5.2	6046	368	276
glm-5.2	23832	473	376
glm-5.2	7593	512	505
glm-5.2	6176	463	377
glm-5.2	10594	512	512
glm-5.2	35559	474	416
glm-5.2	6520	251	176
glm-5.2	24154	288	249
glm-5.2	7488	512	507
glm-5.2	8998	512	507
glm-5.2	24421	230	202
glm-5.2	6975	345	265
glm-5.2	35873	512	506
glm-5.2	10910	512	509
glm-5.2	24677	329	268
glm-5.2	10403	512	504
glm-5.2	8720	512	502
glm-5.2	410	223	167
glm-5.2	440	474	402
glm-5.2	36136	470	415
glm-5.2	11226	512	508
glm-5.2	9958	512	498
glm-5.2	11808	512	503
glm-5.2	1755	361	270
glm-5.2	2050	512	423
glm-5.2	13213	512	507
glm-5.2	11190	512	502
glm-5.2	36449	507	441
glm-5.2	11542	512	509
glm-5.2	2443	512	429
glm-5.2	3724	512	511
glm-5.2	14618	512	508
glm-5.2	11858	400	320
glm-5.2	3117	384	312
glm-5.2	12422	512	497
glm-5.2	36772	512	507
glm-5.2	16023	512	505
glm-5.2	3772	141	71
glm-5.2	13663	512	510
glm-5.2	5311	512	505
glm-5.2	12252	512	507
glm-5.2	17428	512	508
glm-5.2	4429	466	392
glm-5.2	14895	512	504
glm-5.2	18833	512	505
glm-5.2	6898	512	497
glm-5.2	8496	512	510
glm-5.2	20238	512	505
glm-5.2	16127	512	504
glm-5.2	21643	512	505
glm-5.2	10083	512	466
glm-5.2	17359	512	508
glm-5.2	23048	512	505
glm-5.2	18591	512	502
glm-5.2	11715	512	501
glm-5.2	13311	269	188
glm-5.2	24453	512	496
glm-5.2	19823	512	511
glm-5.2	21055	512	503
glm-5.2	25858	512	509
glm-5.2	13854	478	399
glm-5.2	14007	134	95
glm-5.2	27263	512	509
glm-5.2	14508	197	163
glm-5.2	22287	512	504
glm-5.2	14658	383	332
glm-5.2	28668	512	504
glm-5.2	23519	512	507
glm-5.2	30073	512	506
glm-5.2	15170	438	368
glm-5.2	24751	512	505
glm-5.2	15306	255	196
glm-5.2	31478	512	505
glm-5.2	25983	512	500
glm-5.2	16927	348	264
glm-5.2	32883	512	505
glm-5.2	27215	512	508
glm-5.2	18496	512	510
glm-5.2	34288	512	507
glm-5.2	28447	512	507
glm-5.2	35693	512	500
glm-5.2	19983	466	382
glm-5.2	29679	512	502
glm-5.2	37098	512	508
glm-5.2	30911	512	505
glm-5.2	21537	512	508
glm-5.2	38503	512	507
glm-5.2	39908	512	506
glm-5.2	23010	512	506
glm-5.2	32143	512	507
glm-5.2	33375	512	502
glm-5.2	24483	512	493
glm-5.2	41313	512	509
glm-5.2	34607	512	499
glm-5.2	25972	512	512
glm-5.2	406	323	237
glm-5.2	1720	512	470
glm-5.2	2990	360	269
glm-5.2	3569	512	454
glm-5.2	4111	512	510
glm-5.2	4604	151	104
glm-5.2	4716	238	171
glm-5.2	6011	512	492
glm-5.2	7260	512	420
glm-5.2	8578	512	455
glm-5.2	9859	512	492
glm-5.2	11106	512	510
glm-5.2	12338	512	503
glm-5.2	13570	512	501
glm-5.2	14802	512	511
glm-5.2	16034	512	508
glm-5.2	17266	512	505
glm-5.2	18498	512	412
glm-5.2	19822	460	368
glm-5.2	21164	363	288
glm-5.2	21301	384	322
glm-5.2	22580	512	502
glm-5.2	23802	512	439
glm-5.2	25091	443	354
glm-5.2	25440	223	162
glm-5.2	25563	512	485
glm-5.2	25654	512	505
glm-5.2	25721	345	293
glm-5.2	27003	512	505
glm-5.2	28235	512	501
glm-5.2	410	217	134
glm-5.2	2081	512	507
glm-5.2	3671	512	508
glm-5.2	5261	512	494
glm-5.2	6862	512	512
glm-5.2	8452	403	293
glm-5.2	10045	512	450
glm-5.2	11592	343	224
glm-5.2	13182	512	449
glm-5.2	14716	512	511
glm-5.2	16189	180	118
glm-5.2	16318	512	507
glm-5.2	16387	512	512
glm-5.2	16456	254	172
glm-5.2	18126	512	508
glm-5.2	19716	512	508
glm-5.2	21306	512	511
glm-5.2	22896	512	507
glm-5.2	24486	512	511
glm-5.2	26076	512	506
glm-5.2	27666	512	511
glm-5.2	29256	512	508
glm-5.2	30846	512	509
glm-5.2	32436	512	509
glm-5.2	34026	512	506
glm-5.2	35616	512	510
glm-5.2	37206	512	511
glm-5.2	38796	512	511
glm-5.2	40386	512	505
glm-5.2	41976	512	508
